Open,High,Low,Close*,Volume(T)
3587.87,3632.2,3541.0,3576.01,19.278
3576.68,3657.0,3531.01,3564.31,16.347
3561.5,3620.53,3544.88,3565.17,18.271
3565.57,3620.01,3545.89,3585.27,9.966
3585.69,3675.0,3552.7,3625.01,14.306
3618.02,3926.0,3611.24,3866.09,44.093
3877.58,4000.0,3838.2,3889.05,34.748
3892.96,3969.54,3841.54,3929.98,25.643
3943.78,3990.0,3850.0,3892.57,22.4
3897.71,3957.0,3882.59,3949.76,19.747
3941.04,4166.09,3882.59,4108.83,24.27
4109.99,4190.3,3625.0,3739.99,42.332
3754.24,3861.81,3732.3,3821.02,25.802
3818.75,3832.73,3746.33,3798.4,18.85
3794.8,3870.5,3652.6,3803.51,22.865
3799.89,3900.0,3655.0,3792.88,21.72
3792.14,3900.0,3754.37,3811.32,13.977
3806.21,3880.6,3754.3,3809.7,9.157
3815.0,3822.4,3763.62,3783.39,8.856
3786.93,3815.48,3670.0,3702.29,20.78
3700.75,3877.1,3672.39,3841.82,22.787
3844.59,3895.7,3805.0,3852.05,18.188
3867.5,3930.0,3826.13,3853.26,19.802
3856.97,3924.37,3760.3,3843.34,22.346
3844.15,3947.33,3771.0,3910.0,14.33
3903.62,3925.84,3862.0,3905.29,3.312
3900.32,3916.8,3812.64,3847.62,17.158
3850.08,3879.6,3791.07,3857.33,16.869
3860.0,3952.0,3796.71,3850.89,13.425
3851.56,3907.0,3775.01,3853.54,17.035
3853.94,3912.06,3779.28,3903.45,16.283
3903.91,4042.5,3846.79,3989.99,19.225
3990.0,4037.47,3900.89,3967.02,7.707
3963.01,4059.0,3925.73,3970.15,15.431
3970.1,4012.69,3947.15,3996.68,14.928
4000.84,4048.8,3952.08,4030.99,18.615
4033.01,4064.4,3871.3,3976.01,21.951
3973.51,4056.33,3915.72,3984.33,11.018
3980.82,4258.92,3968.54,3991.93,3.682
4035.16,4040.7,4006.19,4022.17,3.994
3980.82,4258.92,3850.45,3910.4,22.952
3908.23,4174.0,3877.63,3919.0,15.525
3917.01,4037.11,3911.29,4032.66,19.814
4026.75,4178.88,3912.19,4011.98,11.02
4011.99,4175.5,3998.52,4094.7,22.243
4091.01,4131.87,4007.78,4092.63,10.895
4096.1,4150.0,4074.29,4095.88,2.467
4091.63,4150.0,4051.53,4138.45,20.013
4135.01,5142.9,4126.47,4923.4,92.325
4926.62,5362.7,4787.11,4980.1,86.866
4963.69,5071.34,4778.0,4906.17,9.763
4963.69,5071.34,4778.0,4906.17,0.0
4913.14,5091.9,4778.0,5033.89,73.3
5040.95,5257.91,4887.34,5052.69,27.989
5036.88,5270.33,5010.54,5175.77,25.804
5180.73,5411.9,4806.96,5288.67,35.681
5293.05,5352.5,5132.28,5197.18,25.567
5186.5,5488.0,5161.0,5317.77,34.027
5335.12,5413.9,4960.1,5056.46,39.327
5035.01,5122.48,4902.81,5080.4,23.99
5075.2,5126.2,5036.75,5071.21,10.581
5070.01,5191.19,5008.0,5153.29,11.496
5070.01,5191.19,5008.0,5153.29,11.496
5173.11,5279.7,4944.87,5039.75,22.016
5036.92,5320.9,4945.54,5218.09,23.411
5211.6,5330.0,5170.01,5228.17,19.163
5227.0,5325.0,5173.11,5280.0,18.713
5276.9,5366.5,5180.37,5293.3,16.56
5298.07,5362.97,5260.24,5320.01,10.997
5320.85,5370.0,5200.0,5308.37,12.996
5298.71,5453.3,5213.34,5383.28,23.989
5387.11,5650.0,5250.46,5546.8,35.253
5538.75,5650.0,5361.01,5437.53,32.628
5440.51,5513.66,4357.1,5121.0,35.907
5134.32,5512.12,4963.0,5151.59,38.675
5157.92,5295.03,5041.14,5166.63,10.579
5176.47,5220.04,5099.0,5144.61,3.978
5148.03,5200.0,5061.1,5143.19,17.221
5158.0,5302.21,5126.25,5267.7,17.004
5272.1,5361.52,5131.1,5317.78,14.511
5329.99,5422.99,5265.61,5393.07,17.219
5391.41,5799.15,5306.09,5659.22,35.873
5657.85,5846.13,5363.1,5778.16,27.896
5774.12,5845.37,5512.0,5720.88,5.058
5716.28,5753.66,5562.44,5687.8,20.848
5697.14,5979.22,5687.6,5814.07,38.178
5713.41,5990.0,5660.0,5933.2,23.678
5960.03,6171.1,5925.41,6152.2,31.613
6160.0,6440.86,6105.0,6342.52,32.783
6349.77,7464.13,6105.0,7341.56,69.951
7160.73,7593.46,6724.1,6945.42,85.893
6923.51,8195.0,6861.64,7837.4,86.658
7807.21,8350.0,7621.27,7991.05,0.0
7807.21,8350.0,7621.27,7991.05,25.007
7829.27,8405.0,6864.93,8235.54,71.84
8201.12,8390.95,7660.79,7885.41,55.658
7880.18,8388.0,6178.0,7362.21,87.443
7400.78,7494.2,7204.42,7277.13,24.021
7265.1,8315.0,7204.42,8227.85,51.84
8069.34,8198.2,7573.12,7969.43,48.169
8001.06,8179.99,7573.12,7987.61,28.379
7954.01,8112.99,7506.12,7658.17,31.37
7603.67,7984.9,7467.1,7878.87,29.757
7870.03,8175.0,7794.73,7999.22,29.668
8020.0,8161.0,7939.76,8060.59,11.785
8075.0,8790.31,7881.7,8698.78,34.518
8756.36,8982.02,8620.01,8831.9,33.165
8799.85,8822.46,8200.0,8738.1,23.135
8701.0,8762.39,8421.12,8663.11,26.37
8647.6,9096.79,7972.0,8289.29,56.725
8285.0,9090.0,7972.0,8565.02,37.557
8558.08,8624.72,8452.21,8549.13,14.761
8558.41,8841.3,8540.8,8744.09,13.967
8721.05,8754.2,8030.46,8150.59,34.573
8134.6,8739.92,7427.0,7642.0,57.471
7676.41,8048.7,7427.0,7789.08,29.084
7776.78,7931.0,7450.02,7814.72,27.328
7816.15,8134.29,7756.79,8040.06,27.48
7990.65,8061.12,7786.01,7927.62,12.733
7931.0,8059.99,7508.77,7649.06,15.153
7595.0,8097.35,7516.9,7987.23,23.981
8038.01,8063.25,7702.83,7910.01,20.403
7918.72,8292.43,7817.0,8153.48,29.069
8163.87,8344.9,8005.0,8221.28,21.246
8163.87,8344.9,8005.0,8221.28,21.246
8237.88,8740.0,8048.75,8720.0,27.999
8709.58,8927.1,8588.7,8832.02,21.0
8848.2,9422.92,8456.0,9006.87,48.484
8976.03,9475.0,8799.7,9331.54,39.929
9354.25,9361.87,8920.0,9077.77,32.715
9091.78,9319.5,9035.75,9288.06,18.226
9285.0,9599.0,9035.75,9548.99,26.266
9551.36,10155.0,9524.27,10055.55,43.106
10166.54,11215.89,10080.0,10710.32,61.871
10673.91,11284.44,10080.0,10813.81,29.486
10837.29,11284.44,10490.0,11015.85,28.356
11024.87,11765.0,10550.21,11755.0,46.516
11730.01,13880.0,10997.0,12898.83,120.332
12936.85,13868.44,10300.0,11029.97,126.85
11079.2,12444.77,10723.3,12340.0,69.391
12379.26,12444.77,10737.87,11955.34,47.633
11863.45,12379.99,10652.36,10755.01,47.508
10705.75,12200.0,9953.0,10566.9,73.138
10572.56,11210.52,9614.08,10753.58,74.654
10816.68,11998.0,9651.0,11958.15,67.498
11986.09,12064.54,10926.01,11093.42,38.314
11146.78,12064.26,10736.0,11021.93,39.093
10960.0,11723.6,10761.8,11225.0,26.621
11126.08,11620.0,11000.0,11450.12,20.279
11534.36,12395.0,11323.7,12281.85,36.899
12316.02,12883.48,12105.32,12550.0,47.293
12551.21,13202.63,11553.21,12089.01,69.889
12096.01,13202.63,10933.0,11269.7,65.166
11255.55,11950.0,11079.59,11792.78,32.058
11828.94,11888.48,10814.4,11367.8,34.097
11404.33,11467.27,10098.4,10132.36,41.15
10200.1,12977.33,9855.0,10916.96,53.467
10899.99,11079.61,9350.0,9448.68,72.352
9390.03,11040.0,9071.0,9686.46,60.453
9684.0,10799.0,9291.0,10704.46,58.971
10639.13,10799.0,9291.0,10513.28,37.946
10568.01,11210.0,10359.17,10731.92,31.605
10680.64,10848.25,10188.0,10605.14,21.531
10636.66,10694.15,10060.0,10309.01,30.324
10325.59,10688.14,9800.23,9866.01,32.832
9822.44,9919.08,9507.38,9813.45,33.512
9767.87,10200.0,9507.38,9893.08,25.889
9875.5,9898.03,9625.2,9849.01,19.111
9843.95,10250.0,9292.0,9427.47,32.875
9448.01,9669.11,9108.9,9544.2,17.419
9545.0,9729.87,9356.75,9473.33,18.397
9496.0,9839.83,9356.75,9578.01,16.563
9589.83,10135.8,9371.96,10070.0,23.726
10084.21,10494.99,9570.01,10396.0,29.632
10406.02,10670.0,9881.0,10536.97,25.599
10533.0,10922.08,10322.47,10813.62,18.989
10825.35,11089.74,10505.0,11010.0,21.064
10978.35,11950.0,10572.0,11814.97,43.808
11788.3,12340.0,10985.0,11446.54,48.455
11432.85,12173.8,11366.26,11983.09,49.099
11959.95,12147.0,11366.26,11983.41,27.215
12009.98,12042.0,11651.89,11854.51,22.256
11891.95,11976.68,11170.0,11303.42,24.332
11279.27,11560.0,11080.37,11549.99,13.841
11559.12,11562.48,11088.88,11394.77,11.781
11559.12,11562.48,11088.88,11394.77,11.781
11380.02,11559.12,10746.0,10866.92,25.729
10854.92,11438.39,9895.74,9977.41,41.157
10001.99,10850.13,9470.0,10255.0,50.502
10297.01,10539.9,9470.0,10324.42,35.391
10355.75,10539.9,9739.99,10206.9,14.426
10217.77,10513.45,9980.0,10327.32,12.972
10324.95,10950.0,10066.66,10889.96,23.113
10944.08,10959.0,10549.74,10762.81,18.274
10780.91,10807.54,9841.59,10101.13,35.56
10126.0,10800.0,9752.2,10121.82,23.795
10083.09,10478.0,10035.84,10418.39,25.805
10420.0,10445.43,9883.4,10144.79,17.668
10139.99,10398.6,9899.95,10096.31,17.788
10136.81,10697.9,9899.95,10360.53,32.696
10362.74,10680.0,10019.56,10164.11,16.626
10171.86,10379.63,9512.5,9695.14,29.481
9700.03,9725.86,9307.8,9476.12,39.48
9481.28,9725.86,9321.73,9570.15,20.672
9572.0,9707.48,9400.0,9600.78,7.753
9609.45,9850.0,9539.58,9759.0,9.212
9765.92,10490.0,9539.58,10369.26,22.634
10391.08,10790.0,9756.54,10660.71,37.019
10614.62,10833.14,10319.0,10576.18,29.079
10555.01,10666.43,10452.15,10574.18,17.532
10608.0,10947.0,10145.3,10345.53,44.832
10322.0,10939.34,10182.0,10494.01,13.329
10484.87,10605.52,10231.13,10405.86,11.971
10401.39,10542.93,10051.0,10336.18,23.624
10320.75,10390.09,9916.0,10100.9,18.84
10106.3,10389.26,9851.97,10145.83,21.207
10191.72,10460.0,10027.52,10400.9,19.496
10423.9,10460.0,10040.0,10366.19,13.972
10359.11,10439.0,10157.0,10365.19,10.282
10360.84,10439.0,10223.36,10302.99,7.343
10315.71,10379.98,10000.0,10241.4,27.115
10251.98,10276.3,10130.59,10197.51,15.547
10198.27,10263.65,10041.8,10156.26,15.872
10167.4,10380.07,9585.86,10265.68,30.319
10275.01,10379.15,9585.86,10166.43,15.536
10167.6,10180.43,9917.34,9982.79,12.516
9974.29,10170.15,9842.35,10051.12,11.637
10032.86,10097.0,9609.37,9675.25,24.23
9666.79,9841.59,8159.35,8587.12,97.737
8614.9,8746.83,8222.01,8452.15,57.267
8409.03,8471.96,7712.45,8089.48,64.371
8098.54,8290.0,7861.02,8190.62,33.915
8192.33,8343.0,7861.02,8202.98,22.032
8226.66,8343.0,7902.96,8063.36,19.461
8054.49,8393.23,7655.0,8288.78,37.011
8289.79,8540.0,8195.42,8307.48,35.829
8333.96,8375.0,8168.85,8366.16,21.2
8407.12,8419.95,8059.22,8254.98,33.83
8202.17,8235.86,7986.65,8174.89,27.336
8150.91,8200.0,8020.2,8138.99,11.459
8160.02,8181.6,7870.35,8009.28,13.8
7859.61,8316.2,7762.35,8217.5,34.566
8228.92,8348.0,8107.26,8208.11,15.16
8188.68,8712.45,8107.26,8600.0,35.858
8610.28,8666.84,8450.61,8585.0,21.764
8585.08,8826.0,8226.0,8258.48,29.452
8585.08,8826.0,8226.0,8258.48,29.452
8286.82,8427.76,8260.37,8324.26,7.368
8296.57,8474.48,8132.91,8294.85,14.359
8261.62,8416.67,8215.41,8349.78,12.48
8374.1,8420.85,8085.65,8166.79,19.203
8153.23,8179.1,7908.86,8004.82,22.877
7993.49,8124.42,7937.01,8069.94,13.835
8068.82,8124.42,7811.62,7954.15,19.524
7954.85,8104.7,7873.46,7945.25,12.185
7962.89,8309.0,7874.68,8221.45,17.624
8233.0,8352.0,8156.0,8215.43,24.659
8204.83,8325.0,7998.9,8030.82,17.724
8007.85,8114.39,7275.24,7447.76,47.558
7474.54,8049.0,7296.44,7439.14,19.045
7429.02,8800.1,7359.48,8654.55,63.379
8683.72,10540.49,8642.46,9257.33,121.344
9264.77,10540.49,8645.01,9561.96,49.848
9593.67,9950.0,9180.59,9209.01,42.356
9231.64,9575.0,9051.48,9434.77,31.156
9430.65,9435.3,8775.22,9179.7,23.704
9170.0,9459.7,8943.0,9162.0,21.629
9140.01,9303.53,9054.6,9242.2,19.877
9271.12,9396.91,9201.19,9288.85,10.865
9309.38,9393.0,9068.3,9208.14,10.13
9217.65,9600.0,9122.33,9413.4,19.472
9410.12,9600.0,9127.0,9342.92,18.365
9322.89,9450.0,9253.66,9345.78,15.86
9345.01,9450.0,9075.0,9204.01,14.244
9196.1,9246.0,8660.0,8775.51,15.3
8755.25,8873.48,8712.52,8817.66,9.288
8804.76,9150.0,8712.52,9032.21,12.91
9036.09,9150.0,8590.0,8715.94,19.006
8721.54,9067.34,8556.56,8798.03,16.168
8798.24,8870.0,8556.56,8760.73,10.859
8760.22,8814.83,8555.0,8635.0,13.484
8635.0,8799.03,8361.0,8454.65,23.401
8461.17,8539.53,8423.0,8480.41,6.564
8481.35,8637.01,8363.5,8503.27,9.211
8493.97,8583.0,8015.0,8180.22,29.045
8168.85,8503.0,7980.07,8113.4,17.634
8123.64,8317.51,7980.07,8074.09,13.256
8076.41,8235.0,7374.5,7614.15,44.372
7616.0,8114.97,6775.47,7298.64,73.609
7280.95,7891.16,7102.16,7330.14,18.982
7322.97,7361.41,6910.6,6944.86,23.026
6871.18,7379.99,6515.0,7117.04,62.737
7129.27,7379.99,6526.0,7165.33,27.575
7157.87,7678.76,6850.0,7524.99,48.093
7536.2,7660.82,7370.62,7445.01,20.141
7429.36,7870.1,7412.4,7747.08,26.55
7738.67,7820.0,7453.0,7552.47,17.618
7554.47,7820.0,7228.8,7410.01,21.514
7403.24,7431.07,7140.08,7322.92,17.149
7314.08,7430.0,7157.33,7307.51,14.898
7290.04,7800.6,7068.2,7212.96,35.249
7177.15,7489.87,7150.06,7395.01,21.789
7393.55,7611.3,7152.78,7534.19,19.808
7543.46,7643.0,7305.75,7505.0,10.137
7503.93,7643.0,7382.69,7526.2,9.424
7519.99,7666.0,7256.7,7337.8,32.59
7324.25,7451.69,7156.03,7227.1,16.97
7324.25,7451.69,7156.03,7227.1,16.97
7220.01,7423.32,7124.45,7196.7,14.055
7242.22,7294.9,7072.2,7194.84,18.056
7195.19,7300.0,7179.65,7248.1,13.917
7246.96,7299.21,7008.03,7068.36,10.777
7065.01,7264.33,7006.01,7121.01,10.166
7124.45,7147.91,6803.24,6885.65,28.414
6877.06,6938.77,6556.0,6618.16,39.12
6611.56,7489.5,6410.0,7278.5,4057877.677
7279.0,7489.5,6410.0,7140.07,2205822.705
7153.0,7222.5,7073.66,7180.5,1271229.249
7186.94,7208.65,7099.57,7143.05,604559.734
7143.77,7495.0,7099.57,7484.0,1714551.327
7571.5,7697.0,7264.0,7336.0,2720986.125
7320.0,7697.0,7151.08,7228.0,1754279.199
7256.0,7416.5,7115.5,7191.4,121821.884
7192.11,7570.0,7115.5,7200.0,16.061
7194.12,7432.1,6934.8,7235.05,19.136
7242.97,7350.0,7053.32,7306.01,9.935
7294.96,7531.0,7274.43,7386.59,13.241
7390.38,7531.0,7199.0,7218.02,16.467
7216.4,7302.35,7111.0,7167.49,22.153
7156.01,7238.14,7136.05,7173.45,7.795
7166.96,7186.65,6903.0,6945.07,615826.694
6945.02,7412.0,6853.53,7320.0,452.677
7337.66,7399.0,7258.5,7348.5,173.091
7348.5,7494.0,7258.5,7339.81,217.931
7350.5,7799.0,7310.0,7772.5,334.336
7782.5,8210.5,7723.0,8210.0,552.748
8167.0,8469.39,7740.5,8061.0,644.045
8010.5,8029.34,7740.5,7823.0,356.055
7817.0,8140.0,7671.0,8139.0,498.009
8195.0,8295.0,7682.0,8012.5,301.186
8023.5,8295.0,7963.25,8162.5,196.249
8187.5,8187.5,8033.5,8122.0,185.607
8121.0,8900.0,8101.83,8849.0,706.654
8770.0,8916.5,8550.0,8798.5,142.128
8816.0,8916.5,8578.0,8715.02,302.118
8735.0,9021.0,8665.67,8910.5,280.674
8880.5,8984.0,8810.0,8934.0,211.782
8922.0,9168.0,8459.6,8683.36,0.205
8668.47,8897.1,8504.06,8634.65,21.587
8622.98,8984.0,8333.0,8735.0,15.374
8725.48,8796.5,8465.0,8646.45,162.584
8663.5,8664.0,8278.0,8397.5,133.503
8400.1,8515.0,8216.71,8425.0,260.001
8427.94,8466.02,8251.0,8342.48,187.132
8331.0,8594.0,8251.0,8581.5,227.607
8617.0,8994.5,8556.6,8907.5,378.833
8898.5,9434.0,8880.87,9368.5,183.736
9401.0,9439.53,9224.75,9321.0,338.919
9306.5,9579.0,9052.0,9498.0,439.762
9491.0,9528.0,9195.49,9330.0,278.944
9339.0,9528.0,9205.0,9386.5,178.909
9372.5,9483.5,9113.0,9338.0,286.205
9356.15,9549.35,9135.0,9298.5,206.535
9287.02,9415.0,9078.05,9167.15,327.958
9155.01,9779.0,9150.0,9641.0,432.667
9649.0,9869.0,9521.47,9737.5,419.418
9767.05,9890.0,9713.0,9807.5,266.036
9818.5,9957.5,9653.47,9908.5,281.707
9818.5,9957.5,9653.47,9908.5,281.707
9901.0,10185.5,9888.76,10158.0,308.408
10191.5,10199.0,9715.5,9890.5,391.647
9851.18,10400.0,9706.0,10293.0,329.899
10272.22,10500.0,9706.0,10344.5,333.961
10434.0,10550.0,10075.0,10223.5,341.538
10240.48,10393.0,10119.0,10357.5,218.069
10380.0,10408.04,9731.0,9894.0,299.427
9888.0,10049.0,9612.12,10004.0,279.897
9933.5,9970.0,9467.0,9692.5,380.924
9665.5,10300.0,9610.27,10200.5,398.511
10189.0,10331.0,9260.5,9630.0,423.104
9611.0,9689.18,9354.0,9614.5,311.863
9594.5,9788.0,9506.0,9705.5,205.812
9697.5,9788.0,9506.0,9671.0,111.292
9679.5,10045.0,9560.5,9983.5,218.356
9969.5,10036.0,9480.0,9661.0,161.995
9662.5,10036.0,9233.5,9344.5,306.221
9316.0,9697.5,8580.0,8794.5,532.723
8788.0,10185.06,8523.0,8765.0,382.475
8803.5,8969.0,8428.8,8753.0,426.54
8743.0,8806.5,8551.0,8552.0,192.523
8567.5,8769.0,8400.0,8537.0,347.326
8522.48,8972.92,8488.87,8897.5,106.596
8911.0,8924.69,8635.31,8780.94,105.0
8754.5,8917.0,8660.0,8755.79,206.085
8760.0,9174.24,8670.57,9053.5,313.414
9069.5,9182.08,8772.0,9154.5,205.081
9143.0,9224.5,8850.47,8900.0,243.591
8899.5,9224.5,8038.0,8050.5,432.343
8039.0,8880.5,7310.0,7888.0,650.673
7933.5,8158.25,7723.0,7933.0,453.977
7881.5,7985.0,7583.27,7929.5,356.664
7943.57,7969.45,4810.0,4839.5,558.671
4515.0,5995.0,3596.0,5520.63,186.49
5581.28,6000.0,3901.25,5137.96,31.382
5152.62,5985.0,5050.0,5386.62,66.685
5222.0,5350.0,4432.3,5026.76,41.013
5022.38,5569.44,4432.3,5429.0,69.62
5360.71,5569.44,4935.6,5402.3,63.322
5441.13,6441.37,5261.69,6207.83,87.854
6193.89,7677.0,5261.69,6177.72,86.954
6086.03,6470.0,5850.0,6167.45,40.621
6167.02,6420.0,5738.0,5821.37,46.122
5816.59,6641.03,5678.2,6462.0,68.324
6506.0,6866.1,5678.2,6757.62,64.057
6665.51,6983.31,6470.0,6689.16,39.475
6749.46,6798.84,6520.13,6745.51,32.487
6766.42,6880.0,6260.0,6354.84,31.3
6225.0,6345.51,6030.0,6263.0,33.832
6260.0,6333.88,5871.0,5907.38,25.64
5871.64,6631.23,5851.0,6420.61,39.893
6399.22,6631.23,5853.0,6444.19,21.272
6425.27,6714.76,6156.47,6662.3,28.999
6739.0,7292.11,6576.4,6787.0,53.463
6790.05,7053.3,6606.06,6735.92,31.065
6744.53,7050.0,6606.06,6860.2,19.291
6884.04,6914.0,6681.0,6802.5,15.196
6776.86,7324.55,6681.0,7284.94,45.203
7362.0,7474.9,7073.0,7185.0,36.74
7194.9,7430.0,7154.22,7356.77,27.882
7194.9,7430.0,7154.22,7356.77,27.882
7340.35,7377.0,7110.0,7293.03,15.781
7296.0,7377.0,6750.0,6863.63,32.411
6883.23,6998.49,6775.0,6883.58,15.253
6900.0,7200.0,6787.44,6993.86,22.36
6868.33,6907.59,6555.0,6868.8,17.836
6863.31,6997.38,6555.0,6856.61,22.171
6871.0,6997.38,6601.0,6632.0,14.815
6569.8,7217.27,6456.0,7116.11,40.671
7115.99,7157.5,7000.0,7065.29,20.116
7038.19,7308.0,7000.0,7252.45,19.184
7260.0,7308.0,7044.33,7138.59,13.973
7117.14,7231.9,6748.72,6847.0,29.993
6839.58,7227.11,6748.72,6847.55,21.634
6853.02,7167.37,6776.0,7123.93,20.227
7124.79,7775.0,7031.14,7471.54,34.291
7481.03,7775.0,7031.14,7509.95,22.475
7509.62,7731.8,7442.2,7545.1,17.419
7546.2,7731.8,7442.2,7697.81,15.53
7761.31,7810.99,7635.69,7777.01,22.871
7757.58,7777.27,7672.0,7766.96,16.008
7766.81,8988.0,7672.0,8778.01,71.353
8779.83,9478.66,8407.0,8635.66,71.531
8637.3,9077.0,8623.53,8849.74,14.808
8795.99,9025.0,8762.01,8987.05,17.125
8994.26,9203.52,8731.01,8897.13,27.395
8909.0,9203.52,8533.98,8882.23,28.515
8917.84,9126.27,8769.69,8974.33,24.892
9015.27,9418.0,8922.13,9236.01,39.606
9173.0,10079.0,8922.13,10052.14,59.949
9957.93,10049.0,9727.5,9825.27,40.236
9730.1,9920.73,9525.0,9535.08,27.504
9484.29,9541.05,8106.7,8761.47,76.096
8771.34,9182.66,8185.0,8622.17,17.199
8563.93,8982.9,8534.85,8807.89,29.845
8817.09,9420.18,8534.85,9323.1,33.492
9351.11,9943.93,9256.9,9819.95,44.666
9826.04,9841.67,9120.0,9299.99,38.069
9306.96,9841.67,9120.0,9379.99,17.861
9388.43,9896.0,9215.01,9673.84,22.651
9671.06,9957.25,9325.81,9719.97,27.921
9685.34,9900.0,9463.22,9771.98,25.968
9789.95,9898.0,9294.54,9532.21,26.893
9514.92,9836.99,8800.0,9042.55,42.716
9029.54,9267.34,8923.5,9152.61,21.068
9177.39,9316.0,9072.5,9170.03,11.073
9164.36,9306.23,8680.7,8768.93,20.407
8739.59,9306.23,8644.0,8907.75,19.513
8892.5,9016.99,8674.21,8832.71,18.074
8844.78,9230.0,8811.46,9185.34,18.765
9193.98,9625.0,8811.46,9558.34,24.642
9600.0,9609.02,9330.01,9428.18,29.548
9412.1,9764.0,9326.43,9695.0,16.821
9678.51,9700.0,9369.58,9445.21,12.838
9417.92,10428.0,9414.6,10200.0,29.898
10203.36,10215.93,9270.0,9521.16,30.102
9533.27,10215.93,9270.0,9651.48,17.094
9656.68,9888.0,9385.22,9806.39,20.442
9809.74,9855.0,9585.44,9635.67,20.432
9586.99,9735.13,9526.03,9686.49,9.617
9660.65,9822.0,9370.0,9752.97,17.532
9660.65,9822.0,9370.0,9752.97,17.532
9753.18,9822.0,9370.0,9788.53,13.003
9826.79,9900.4,9558.89,9772.74,17.135
9766.49,10018.67,9690.0,9879.47,19.497
9892.93,10018.67,9050.0,9296.34,41.537
9235.49,9552.87,9230.49,9458.11,17.084
9466.62,9493.03,9353.8,9466.9,14.578
9464.1,9477.76,9240.0,9337.99,8.509
9314.99,9562.18,8895.01,9443.29,30.787
9437.26,9592.04,9381.0,9527.11,19.083
9520.79,9558.48,9227.03,9452.62,15.512
9440.22,9482.66,9267.18,9397.0,10.947
9368.45,9439.7,9219.9,9267.76,13.471
9336.02,9333.48,9161.0,9275.0,16.226
9353.97,9419.35,9273.0,9279.35,5.823
9280.92,9792.0,9273.92,9689.93,18.216
9710.91,9724.53,9572.22,9612.95,25.667
9626.91,9663.38,9195.0,9277.07,20.275
9272.2,9335.0,8979.07,9253.58,21.174
9253.4,9310.0,9010.67,9152.7,16.733
9156.8,9291.73,8815.01,8997.42,13.347
9003.48,9189.0,8815.01,9119.76,9.159
9121.68,9236.75,9014.0,9183.88,23.856
9196.92,9223.5,9059.6,9150.0,10.544
9145.99,9309.75,9088.0,9232.49,20.553
9239.99,9297.2,8938.0,9094.21,16.457
9091.46,9265.0,8938.0,9068.97,10.141
9049.93,9195.84,9039.84,9125.18,7.405
9141.6,9145.0,8905.84,9078.97,7.103
9090.0,9375.9,9061.59,9330.72,15.799
9344.61,9379.34,9061.59,9244.12,11.357
9260.87,9480.0,9232.2,9442.42,20.228
9443.99,9479.4,9154.79,9231.43,13.036
9236.96,9446.62,9118.0,9282.33,10.676
9289.63,9322.23,9118.0,9231.6,5.261
9233.84,9347.53,9159.33,9293.64,7.965
9298.97,9367.7,9159.33,9246.65,6.646
9236.9,9298.97,9095.0,9256.62,11.567
9256.38,9298.97,9100.0,9199.09,11.632
9189.65,9216.02,9005.0,9135.29,13.84
9133.95,9185.93,9054.99,9158.08,9.146
9153.67,9210.0,9122.65,9174.9,5.884
9175.72,9245.03,9105.37,9220.26,5.464
9220.94,9224.6,9131.0,9163.27,17.769
9157.05,9438.0,9157.04,9389.01,14.886
9389.83,9567.77,9157.04,9527.32,14.771
9535.3,9686.0,9450.04,9606.67,19.217
9609.22,9645.55,9474.47,9544.57,14.448
9548.23,9747.76,9536.64,9695.91,10.465
9701.88,10190.71,9661.35,9939.11,18.773
9947.12,11420.0,9935.0,11058.0,60.553
11160.91,11259.0,10575.0,10943.04,38.882
10980.6,11350.0,10843.47,11121.66,26.712
11006.89,11188.65,10811.0,11138.94,18.886
11141.38,11460.0,10975.0,11349.58,23.167
11395.58,11888.0,11237.82,11816.29,27.916
12316.02,12883.48,11069.35,11069.35,27.911
11072.1,11486.6,10827.9,11235.61,28.872
11260.69,11417.11,11006.16,11186.16,17.453
11196.35,11798.87,11006.16,11746.86,22.932
11789.63,11916.68,11580.01,11787.1,24.619
11789.63,11916.68,11580.01,11787.1,24.619
11773.11,11920.0,11350.0,11581.51,30.911
11579.19,11818.18,11529.45,11749.04,10.66
11793.0,11810.24,11532.04,11674.26,10.371
11695.35,12099.93,11470.01,11873.17,33.786
11896.76,12086.22,11120.0,11401.15,30.135
11390.29,11943.0,11120.0,11580.29,15.147
11575.19,11802.09,11274.14,11778.7,21.633
11777.02,11865.97,11274.14,11776.37,18.857
11804.74,11989.98,11688.0,11867.94,17.519
11861.37,11940.0,11686.53,11907.92,12.275
11937.84,12486.61,11775.0,12295.77,33.724
12288.5,12486.61,11775.0,11986.12,26.41
11811.48,11972.71,11569.0,11748.63,41.653
11732.69,11972.71,11569.0,11875.77,13.906
11866.03,11892.16,11480.0,11528.5,19.974
11517.89,11693.03,11370.0,11685.29,11.95
11684.75,11721.6,11370.0,11662.34,4.475
11658.84,11823.62,11592.91,11773.65,10.573
11759.98,11777.15,11102.73,11370.77,22.483
11330.7,11769.76,11102.73,11466.16,13.452
11461.78,11597.92,11125.0,11318.45,19.94
11300.0,11597.92,11125.0,11531.15,15.507
11535.0,11585.66,11282.09,11470.46,7.832
11465.69,11713.69,11465.1,11698.06,5.982
11721.84,11784.66,11576.0,11675.82,13.433
11660.3,12086.0,11525.09,11984.22,23.213
11920.8,12068.6,11160.0,11415.27,30.548
11394.36,11950.0,10005.0,10132.29,44.275
10276.6,11474.99,9895.22,10479.1,37.105
10473.71,10634.4,9813.0,10138.75,33.28
10164.18,10564.8,9813.0,10278.44,13.97
10255.76,10410.9,9880.0,10363.67,19.265
10384.43,10440.91,9819.83,10121.18,25.432
10092.76,10349.99,9983.34,10223.99,15.403
10320.64,10501.25,10226.25,10351.72,14.671
10375.0,10411.44,10200.0,10395.99,10.808
10395.37,10483.23,10276.19,10439.3,9.499
10447.27,10582.36,10211.0,10322.82,14.032
10327.94,10760.62,10211.0,10659.04,19.064
10674.97,10950.0,10253.0,10778.65,18.42
10781.4,11099.95,10613.18,10963.02,17.318
10950.54,11099.95,10662.02,10925.13,14.537
10942.0,11044.0,10735.55,10922.93,12.696
10935.06,11179.9,10813.0,11086.59,8.411
11079.78,11179.9,10759.37,10934.99,9.714
10906.88,10994.0,10180.0,10450.97,24.692
10422.93,10994.0,10180.0,10523.1,13.233
10529.87,10541.25,10380.49,10451.68,7.683
10529.93,10795.87,10135.22,10727.3,28.339
10734.54,10795.87,10230.94,10684.31,24.793
10686.08,10832.3,10669.0,10748.23,28.665
10732.23,10806.32,10595.24,10770.57,6.356
10776.61,10964.3,10595.24,10689.06,13.27
10686.84,10956.11,10621.22,10841.27,12.25
10842.38,10847.0,10657.04,10776.99,10.194
10818.75,10934.11,10427.75,10599.07,20.993
10597.69,10668.56,10363.76,10566.61,16.475
10560.98,10606.36,10498.02,10550.75,5.151
10538.29,10697.0,10521.87,10667.87,5.627
10671.53,10795.0,10621.12,10780.5,8.816
10671.53,10795.0,10621.12,10780.5,8.816
10792.8,10803.6,10524.0,10591.92,12.325
10597.57,10800.0,10524.0,10671.0,9.971
10658.89,10963.16,10532.11,10885.71,16.552
10935.05,11111.11,10532.11,11068.01,14.457
11059.54,11498.98,10834.49,11297.89,14.674
11313.62,11444.25,11276.28,11390.5,8.198
11370.71,11736.02,11187.6,11545.27,16.931
11526.61,11561.45,11312.59,11427.35,13.266
11422.76,11567.9,11290.83,11419.61,8.011
11425.0,11641.38,11255.3,11493.73,12.753
11485.32,11550.01,11201.0,11332.05,14.344
11320.45,11421.0,11264.75,11369.61,5.198
11364.93,11500.0,11264.75,11490.2,5.595
11505.07,11833.0,11350.37,11746.6,15.38
11759.47,12070.0,11416.04,11917.32,20.2
11905.37,13250.04,11902.59,12818.49,45.734
12830.63,13250.04,11902.59,12982.64,27.755
12948.08,13037.0,12722.72,12948.86,15.462
12934.46,13175.0,12884.31,13129.17,10.51
13130.71,13361.0,12884.31,13041.47,13.566
13027.98,13250.0,12785.0,13074.5,17.852
13062.66,13794.8,13062.65,13678.2,26.101
13671.1,13863.87,12891.57,13283.77,31.003
13270.62,13648.66,12975.0,13471.8,16.658
13453.0,13687.82,12975.0,13607.36,23.446
13566.61,14098.92,13131.31,13818.62,18.584
13786.08,13906.74,13630.05,13733.96,9.126
13800.0,13840.0,13215.0,13600.01,18.337
13575.91,14081.45,13215.0,13987.1,19.71
14022.64,14273.6,13290.0,14133.62,25.614
14153.08,15775.0,13530.01,15571.46,47.452
15609.41,15977.67,15190.36,15601.06,37.138
15593.51,15779.24,14310.0,14852.83,32.221
14794.08,15666.0,14721.9,15517.0,17.054
15512.98,15856.9,14817.14,15326.93,30.682
15319.11,15481.06,15090.08,15293.43,18.92
15300.07,16000.0,15293.04,15719.54,19.47
15705.73,16370.89,15293.04,16285.72,33.32
16326.47,16491.92,15975.0,16343.55,21.855
16339.56,16491.92,15708.24,16097.17,14.073
16086.13,16339.56,15708.24,15992.9,9.085
15936.27,16892.9,15878.4,16727.41,21.719
16735.23,17880.0,16555.46,17677.62,36.984
17695.92,18488.0,17205.02,17847.05,49.601
17796.31,18488.0,17205.02,17817.61,25.659
17859.24,18830.3,17764.76,18668.3,26.791
18687.73,18980.0,18350.0,18744.04,20.256
18694.98,18980.0,17610.77,18454.35,23.449
18437.18,18777.77,18001.0,18366.4,26.683
18397.86,19469.0,18001.0,19136.97,39.991
19179.74,19500.0,18052.02,18826.42,30.657
18725.9,18915.48,16200.0,17080.13,75.242
17138.21,17477.0,16400.0,17084.04,33.141
17130.74,17933.25,16880.0,17706.25,19.591
17737.0,18359.0,17535.26,18180.27,15.49
18189.75,19882.1,17535.26,19749.99,43.269
19671.23,19947.5,18109.0,18870.01,48.94
18662.46,19350.0,18335.0,19247.29,25.652
19214.91,19625.64,18335.0,19459.13,20.571
19436.35,19546.46,18576.05,18675.76,23.708
19436.35,19546.46,18576.05,18675.76,23.708
18664.95,19546.46,18501.0,19139.13,10.155
19229.48,19430.25,18878.0,19329.53,28.437
19395.0,19430.38,18878.0,19199.4,12.943
19175.08,19299.51,18200.0,18334.14,22.058
18301.95,18647.33,17639.0,18555.49,30.269
18528.0,18549.07,17905.0,18270.0,20.883
18257.88,18291.49,17580.0,18084.99,23.67
18118.76,18955.34,18072.8,18810.75,13.919
18795.5,19421.03,18072.8,19169.15,16.307
19157.75,19421.03,18730.0,19283.41,13.251
19265.02,19565.0,19051.27,19441.78,22.328
19452.02,21569.94,19300.0,21403.57,46.604
21414.47,23776.94,21252.01,22833.86,76.62
22809.73,23280.0,22329.0,23080.0,33.167
23162.19,24200.0,22329.0,23864.01,28.201
23877.36,24300.0,22770.0,23548.21,21.945
23405.42,24118.75,21913.84,22841.45,39.748
22711.82,23818.37,22380.05,23736.14,25.585
23802.3,24090.0,22600.0,23259.58,35.233
23105.27,23770.89,22712.89,23746.97,22.588
23728.63,24770.95,22712.89,24699.68,23.139
24600.0,26822.0,24490.01,26461.68,35.684
26533.31,28387.0,25772.55,26387.26,56.548
26202.44,27477.0,26056.4,27085.0,31.383
26996.27,27314.0,25833.73,27314.0,30.598
27430.16,29018.26,27311.73,28817.0,40.181
28900.0,29321.9,27311.73,29000.44,37.993
28991.73,29688.88,28000.0,29363.16,29.199
29315.33,33300.0,29039.0,32473.19,50.421
32247.54,34810.0,32008.62,33265.61,101.196
33064.7,33666.99,27678.0,31964.43,65.589
32236.43,34499.67,29891.13,34128.85,57.107
34080.01,36898.0,33352.54,36873.42,61.992
37149.99,40425.0,36200.0,39219.74,70.326
39479.12,41986.37,36565.08,40717.06,68.507
40929.11,41419.15,38765.2,40392.13,28.727
40483.25,41452.12,34500.0,38472.27,60.941
37751.82,38029.43,30100.0,35508.35,141.86
35371.0,36604.51,32500.0,33802.65,67.795
33699.88,37888.0,32309.04,37239.13,57.472
37897.62,40127.66,36751.11,39147.49,45.768
39348.0,39697.0,34298.93,36820.55,54.444
36874.53,39697.0,34298.93,36178.91,32.066
35796.8,36860.0,33850.03,35926.39,30.21
35640.57,37402.0,34736.46,36681.48,26.293
36843.7,37857.0,36055.08,36341.22,27.762
36011.39,37857.0,33387.01,35611.16,38.043
35389.82,35459.16,30011.0,31106.34,75.215
30484.1,33867.0,28732.0,32938.35,81.159
32722.44,33488.79,31432.19,32089.28,23.734
32127.23,33488.79,30931.21,32382.54,14.572
32234.36,34888.0,31920.8,32424.2,33.788
32303.28,34888.0,30816.2,32566.34,33.801
32410.13,32497.09,29156.0,30281.52,57.06
30375.78,34000.0,29902.14,33438.58,47.442
33682.93,38664.33,31990.0,34298.26,94.447
34337.45,38664.33,31990.0,34321.15,29.618
34318.92,34900.0,32200.0,33132.71,22.393
33130.41,34728.57,32200.0,33514.7,27.726
33582.94,36000.0,33130.41,35630.39,25.834
33582.94,36000.0,33130.41,35630.39,25.834
35406.57,37698.74,35393.8,37500.0,31.113
37910.35,38769.0,36156.45,36952.76,41.768
37052.57,38349.0,36605.87,37981.61,24.502
38569.23,41000.0,38298.02,39285.28,38.943
39355.71,41000.0,37371.35,39026.33,26.774
38929.49,46750.0,37371.35,46109.17,62.417
47149.45,48200.0,45020.0,46605.43,49.829
46574.36,48200.0,43706.86,44874.83,34.15
44926.72,48690.0,43706.86,47820.0,36.364
48302.73,48912.0,46300.0,47500.48,30.82
47470.01,48912.0,46300.0,47119.95,16.497
47123.11,49700.0,47114.63,48820.26,20.506
48770.66,49093.44,45850.35,47879.91,25.972
47902.69,50556.08,47051.22,49141.67,31.424
49437.94,52727.04,48942.87,52152.34,36.429
52295.9,52549.99,50875.0,51655.22,21.889
51603.01,56370.05,50500.0,55788.7,35.0
56248.51,57563.57,53961.9,55982.76,19.901
55750.01,58367.0,55531.23,57473.62,18.658
57529.45,58367.0,47000.0,54012.4,32.788
57473.48,57529.45,44888.08,48434.83,103.364
48684.79,51415.41,47002.0,49678.05,41.071
49732.51,52107.83,47002.0,47087.46,38.387
46956.87,48464.64,44150.0,46198.26,49.625
46578.74,48380.14,45022.9,46101.0,8.994
46173.4,46656.0,43016.0,45129.66,31.775
45147.78,49829.0,43016.0,49711.56,35.447
49645.04,50250.0,45042.13,48367.05,25.244
48308.53,52666.0,48161.75,50767.0,30.889
50435.47,52666.0,47502.0,48444.28,33.316
48471.54,51798.33,46219.32,48825.75,35.221
48843.93,49473.99,46219.32,48907.24,16.24
48860.01,51350.1,47077.0,51200.0,19.193
51105.49,52359.81,48860.01,52338.67,25.13
52359.01,54880.0,51845.01,54686.76,28.992
54880.27,57402.14,53025.0,56106.5,33.762
55623.23,58113.0,54283.0,57824.56,31.097
57715.01,58069.5,55040.2,57305.27,12.167
56892.68,61788.45,56083.74,61221.98,29.225
61203.46,61680.0,59291.23,59564.59,17.326
59258.51,60601.07,54568.0,55674.63,41.247
55944.49,56839.43,53221.0,56431.76,32.378
57027.53,58980.14,54138.01,58718.28,28.961
59278.21,60100.0,56996.15,57857.49,28.718
57583.43,59461.99,56260.0,58305.46,20.238
57985.85,59928.0,57876.34,58290.43,13.05
58050.0,58651.22,55543.89,57413.12,15.551
57125.0,58421.68,53739.5,54606.72,26.927
54212.65,55858.0,53000.0,54602.32,25.798
54590.45,57209.97,51641.8,52690.2,29.766
52225.94,53238.0,50305.0,51399.81,38.177
51843.78,54911.0,51553.68,54893.03,24.541
55448.85,56640.0,53966.0,55880.58,16.141
55954.72,56587.08,54701.0,55741.48,13.575
55757.01,58400.0,54900.0,57710.8,25.71
57591.38,59397.48,57000.0,58669.6,19.357
58819.99,59800.0,56873.8,58821.09,24.771
59043.16,59474.94,57930.0,58752.7,12.897
58663.46,60055.02,58441.88,59042.36,15.244
59033.9,59752.0,56943.0,57061.9,12.177
59033.9,59752.0,56943.0,57061.9,12.177
56882.52,58500.0,56468.4,58229.8,8.429
58307.47,59251.76,56817.64,58697.13,13.579
59272.52,59475.0,57333.33,58044.12,13.98
58012.51,58630.0,55400.0,56273.66,23.226
55790.0,58152.0,55700.0,58004.02,11.772
58074.32,58869.69,57670.51,58126.87,11.441
58079.46,61218.97,57875.41,59764.67,19.795
59667.52,60658.89,59177.06,59960.02,10.759
60237.68,61199.0,59369.0,59916.62,16.527
59881.48,63882.5,59781.2,63431.38,25.819
63485.71,64900.0,61290.0,62785.88,30.394
63225.96,63831.82,62036.73,63229.04,14.202
63300.96,63604.34,60048.43,61513.19,25.264
61547.16,62572.48,59700.0,60317.61,15.167
60130.1,60437.97,51751.1,56447.07,40.29
56126.47,57600.0,54187.85,55833.01,24.435
55361.06,57111.0,53430.01,56356.79,25.55
56556.06,56810.56,53620.91,54100.01,22.387
53600.01,55469.98,50500.0,51677.27,29.635
51444.02,52147.52,47464.65,50971.24,47.495
50836.24,51056.56,48726.87,50207.1,15.525
50120.77,50591.38,47044.01,48951.1,20.064
49112.6,54400.0,48817.62,53973.61,40.691
53848.42,55509.39,53321.0,55011.63,17.45
55118.25,56500.0,53868.4,54817.65,19.84
54786.99,55226.86,52369.61,53667.01,19.258
53538.61,57987.23,53068.43,57974.24,22.941
57892.92,58550.0,57050.94,57871.11,13.619
57847.86,57959.5,56072.0,56607.34,10.228
56849.47,58986.0,56500.0,57261.44,19.21
56836.07,57214.4,53200.0,53367.59,25.277
53614.75,57999.8,53000.0,57275.16,25.987
57422.69,58420.2,55309.0,56650.03,18.325
56256.47,58735.95,55300.0,57395.38,23.92
57540.01,59559.84,56980.01,58765.57,21.298
58929.47,59318.35,56445.99,58242.58,21.552
58267.11,59598.8,53643.36,56010.2,23.474
55801.77,56959.4,54500.0,56636.6,13.59
56736.1,58041.0,50111.0,51149.77,24.5
47514.77,52500.0,45149.11,49488.52,41.265
49906.28,51569.56,48886.0,50016.43,25.646
50068.7,50827.3,46622.08,46972.2,27.005
47060.52,49828.8,43838.4,46011.46,22.645
46350.0,46648.5,42111.2,43675.27,33.929
43282.26,45851.0,42300.0,43118.47,36.015
42609.53,43587.1,30423.05,37501.86,51.814
37287.54,42605.0,35000.0,40431.34,56.951
41052.4,42275.99,33550.0,36933.91,59.326
38121.29,38593.64,37253.08,37599.44,32.956
37012.91,38295.33,31111.0,35022.57,57.85
35210.6,39966.87,34407.17,38681.64,54.98
39073.6,39878.51,36481.26,38237.48,34.411
38375.83,40900.0,37837.36,39327.51,35.699
39182.36,40440.95,37191.99,38638.48,26.348
38193.83,38900.0,34688.0,35709.19,42.834
35804.11,37325.0,33650.86,34550.0,31.295
34337.13,36500.0,33333.0,35641.46,20.658
35523.99,37534.09,34183.0,37396.23,25.89
37540.82,37915.62,35669.14,36689.17,21.08
36646.87,38237.37,35920.0,37679.51,22.104
36646.87,38237.37,35920.0,37679.51,22.104
37702.12,39489.82,37184.88,39159.94,19.944
38982.14,39249.8,35593.22,36925.72,25.156
36841.66,37921.35,34832.17,35419.73,19.216
35506.21,36479.5,35258.0,35769.62,12.066
35808.49,36812.39,33555.34,33698.72,23.377
33809.51,34069.0,31004.95,33478.89,73.922
33205.63,37573.99,32408.53,37453.07,37.019
37521.3,38425.67,35800.0,36839.24,30.527
36565.02,37695.0,35952.7,37347.9,14.681
37283.5,37449.5,34635.47,35542.14,19.912
35434.41,39396.0,34780.57,38854.01,23.199
39159.41,41076.03,38734.1,40524.39,30.977
40269.93,41322.55,39510.98,40303.15,23.261
40088.49,40499.0,38105.0,38292.49,25.598
38365.58,39554.98,37365.63,38094.5,21.675
37943.63,38216.22,35153.16,35754.79,31.723
35727.26,36457.18,34833.26,35485.84,21.193
35602.67,36139.73,33347.05,35653.63,28.122
35661.39,35741.54,31259.0,31572.69,56.868
31582.03,33352.0,28811.98,32458.0,40.965
32223.7,34817.81,31729.98,33653.08,20.173
33557.91,35288.7,32300.0,34641.11,21.796
34832.3,35500.0,31300.0,31806.51,33.087
31445.03,32711.68,30173.49,31839.1,24.226
32091.17,34704.79,32002.21,34512.48,18.875
34629.98,35301.43,33864.99,34381.42,19.161
34641.49,36675.0,34233.35,35915.76,23.262
35737.62,36094.42,34033.0,35136.61,23.063
34919.01,35034.18,32703.48,33605.79,18.48
33552.99,34000.0,32704.73,33788.22,15.131
33898.66,34953.07,33320.0,34650.0,9.309
34642.73,35951.0,34390.53,35317.95,7.999
35116.42,35159.31,33156.86,33917.98,12.534
33843.93,35113.4,33300.0,34040.52,14.196
34236.38,35077.46,33770.01,33962.1,12.764
33863.82,33900.12,32111.0,32885.82,20.054
32756.5,34100.0,32255.24,33881.34,11.881
33875.45,34267.14,33027.83,33632.87,8.162
33522.02,34607.37,33333.33,34276.7,8.711
34303.07,34670.0,32665.0,33138.1,12.858
32915.08,33337.61,32201.12,32553.26,12.77
32754.24,33125.55,31600.0,32760.94,13.781
32803.98,33187.6,31064.77,31575.28,14.899
31676.67,32259.16,31025.42,31383.46,14.127
31492.44,31949.99,31179.01,31540.01,8.385
31598.6,32450.0,31200.0,31867.07,7.231
31700.17,31887.82,30439.99,30878.02,13.59
30833.83,31052.65,29301.56,29800.0,24.63
29841.75,32814.09,29501.02,32180.66,21.944
31989.85,32611.84,31729.68,32334.68,10.761
32380.63,33529.9,32000.0,33510.7,11.603
33530.06,34525.0,33424.7,34262.17,11.897
34270.26,35291.08,33888.89,35225.94,11.462
35335.41,40593.93,35291.63,37302.71,49.937
37168.72,39460.16,36413.26,39029.98,29.801
39477.06,40925.56,38803.34,40006.28,33.517
39860.7,40644.85,39229.47,39960.84,14.782
39930.23,42000.0,38342.0,41954.78,19.612
42135.63,42215.0,41064.11,41801.08,12.481
41339.92,42605.64,39549.71,39900.01,13.993
41339.92,42605.64,39549.71,39900.01,13.993
39968.89,40459.68,38690.0,39217.93,16.444
38978.89,39785.3,37627.21,38283.95,19.038
38104.72,39965.1,37509.0,39729.16,19.328
39669.99,41447.89,37300.0,40901.54,33.799
40972.83,43332.29,39876.74,42829.92,26.838
42814.74,44580.0,42607.0,44481.9,12.406
44500.0,45363.83,43131.97,43761.73,23.589
43960.4,46497.42,42821.3,46167.6,25.682
46298.02,46696.54,44650.27,45501.03,17.177
45623.06,46781.09,45350.74,45660.33,14.874
45620.0,46223.95,43714.36,44446.17,17.219
44558.68,47953.9,44249.64,47745.87,16.959
47739.47,48166.0,46034.93,47124.01,11.157
47160.62,47400.0,45525.19,47006.65,10.269
47097.14,48076.52,45676.91,45993.73,13.54
45880.01,47174.62,44405.39,44633.33,16.429
44868.05,46035.27,44216.47,44942.64,13.869
44840.79,47088.08,43955.0,46600.01,15.452
46828.5,49400.0,46644.95,49082.7,17.151
49325.95,49821.92,48285.28,48981.21,12.641
48818.92,49526.13,48102.89,49362.04,8.208
49396.56,50505.0,49012.84,49494.35,14.504
49547.24,49875.9,47635.0,47660.77,15.263
47904.2,49277.0,47122.02,48969.43,12.563
49047.02,49365.1,46373.48,47315.93,15.425
47014.05,49185.12,46361.01,49065.81,12.421
49149.55,49309.83,48370.0,48894.81,6.574
48917.82,49667.1,47801.0,48953.59,9.737
48761.48,48906.51,46866.0,46975.01,15.119
46893.5,48259.68,46708.93,47270.45,15.22
47250.01,49125.0,46537.62,48710.19,15.704
48770.54,50392.19,48620.73,49361.94,18.1
49278.01,51064.44,48349.66,49990.31,18.462
49962.15,50558.75,49433.42,50058.11,10.525
49962.51,51907.08,49500.0,51766.56,9.953
51815.34,52802.03,51020.08,52649.37,12.492
52707.18,52944.96,42830.77,46899.0,37.215
46737.53,47381.47,44423.49,46089.01,24.413
46140.15,47400.0,45511.82,46352.73,17.199
46420.04,47040.76,44140.48,44812.75,18.45
44853.71,45989.94,44730.29,45069.54,7.747
45129.69,46462.98,44754.31,46136.79,7.781
46139.19,46844.0,43465.0,45044.87,17.928
45008.55,47274.92,44679.92,47020.66,15.239
47130.12,48475.0,46705.0,48031.7,15.59
48168.87,48499.99,47020.82,47823.81,14.238
47713.4,48176.64,46752.67,47275.38,11.31
47207.75,48825.62,47050.0,48201.78,9.16
48364.75,48379.19,46850.87,47175.19,8.573
47206.55,47295.0,42500.0,42908.06,30.499
42588.02,43639.88,39642.2,40344.81,33.57
41047.73,44035.44,40570.42,43568.92,23.5
43538.97,45000.0,43096.73,44795.48,18.134
44999.94,45200.0,40854.9,42713.2,25.956
42712.87,42998.76,41697.04,42735.25,9.054
42753.95,43937.0,40803.0,43200.37,12.045
43188.29,44366.96,42136.1,42326.01,12.539
42102.74,42780.0,40900.3,40981.39,13.387
41167.16,42638.99,40750.12,41521.51,12.852
41441.45,44110.17,41409.67,43822.43,18.212
41441.45,44110.17,41409.67,43822.43,18.212
43780.28,48500.0,43287.44,48117.27,27.091
48197.02,48359.33,47451.0,47638.98,9.517
47812.85,49300.0,47158.97,48215.11,9.782
48142.37,49505.0,46930.82,49277.64,17.22
49100.24,51906.23,49057.18,51594.79,22.358
51343.82,55757.11,50416.01,55350.96,32.73
55181.63,55286.33,53415.86,53820.37,19.397
53923.02,56000.0,53634.41,53869.91,16.054
53819.64,55500.0,53675.0,55034.19,8.848
54915.12,56545.24,54112.95,54529.99,12.108
54560.46,57833.23,54432.68,57320.34,17.015
57141.83,57673.75,53873.78,56258.18,19.068
56019.87,57771.33,54236.09,57388.02,18.41
57449.53,58520.71,56832.32,57404.72,15.728
57168.72,62910.0,56867.11,61461.37,32.744
61491.16,62350.0,60139.01,60920.83,12.736
60743.93,61649.97,59000.0,61573.57,11.004
61549.71,62675.19,59887.74,61927.56,24.103
61921.44,64500.0,61333.0,64426.03,40.829
64108.63,66999.0,63525.0,66082.67,23.291
65845.64,66650.85,62050.0,62392.23,29.036
62454.1,63750.0,60000.0,60720.01,20.161
60617.64,61750.0,59650.0,61284.42,8.387
61415.0,61491.96,59522.89,60867.13,8.279
60772.14,63726.58,60653.5,62991.42,13.37
62952.01,63290.49,59837.07,60352.53,14.56
60325.73,61488.0,58153.17,58581.09,22.688
58674.06,62333.0,57653.88,60485.54,24.445
60593.73,62974.0,60188.73,62194.46,20.648
62190.01,62277.6,60725.01,61736.39,8.933
62132.49,62427.02,60001.0,61381.61,11.159
61301.85,62500.0,59500.0,61144.91,14.802
60918.08,64300.0,60672.16,63175.19,16.858
63341.7,63568.36,60718.44,63081.37,14.753
62889.41,63114.14,60728.77,61328.59,13.312
61480.78,62638.59,60777.0,61036.73,12.569
60976.37,61599.25,60125.0,61464.86,8.469
61511.02,63110.99,61397.86,62975.51,7.605
63419.28,67792.77,63369.92,67538.77,21.374
67240.41,68568.85,66261.79,66950.69,18.021
67071.42,69000.0,62800.0,64798.63,23.219
64742.91,65600.0,64133.78,64882.0,13.047
64799.89,65477.06,62305.0,64064.64,15.119
64415.27,64990.0,63394.17,64508.71,7.898
64478.26,65330.03,63596.9,65168.89,7.601
65825.49,66339.9,63371.0,63773.8,12.888
63088.65,63288.03,58790.39,60231.33,26.705
59883.27,60824.38,58555.0,60342.19,23.183
60213.62,60977.21,56514.13,56854.04,27.839
56787.17,58412.12,55625.0,58031.22,20.408
58126.73,59885.21,57429.18,59850.0,9.623
59757.42,60057.87,58509.69,58997.63,8.271
58573.91,59526.51,55641.03,56403.21,20.021
56334.49,57886.03,55377.49,57653.14,17.68
57599.99,57742.69,55875.01,57190.31,15.31
57340.58,59445.99,57037.04,58943.19,13.643
59075.57,59187.33,53533.0,53772.97,24.121
53684.56,55316.67,53642.58,54420.3,10.134
54662.12,57490.0,53506.07,57185.87,9.672
57471.08,58908.27,56730.0,57802.69,16.077
57669.08,59249.77,55930.0,56906.04,19.674
56873.01,59118.84,56500.0,57164.39,19.959
57057.81,57423.69,55845.0,56602.52,16.224
56538.05,57534.14,51902.47,53789.56,20.166
53616.32,53876.09,43333.77,48974.02,42.686
49251.72,49783.0,47837.95,49204.58,23.899
49341.87,51105.0,47255.58,50395.3,22.106
50661.61,51995.0,50067.1,50597.22,15.577
50545.58,51247.81,48579.3,50497.3,13.919
50741.5,50830.98,47323.23,47943.55,8.585
47619.71,50148.49,47185.11,47571.67,17.721
47239.07,49517.18,46800.0,49215.05,13.347
49412.17,50787.53,48665.43,50066.31,12.716
50201.84,50218.42,45727.92,46730.02,23.406
46491.63,48686.91,46300.0,48280.96,20.681
48292.33,49500.0,46530.0,48758.43,23.09
48943.76,49466.29,47528.88,47675.12,16.455
47695.6,48001.9,45469.32,46311.87,18.233
46152.15,47356.24,45520.2,46970.65,5.262
46859.13,48300.0,46441.78,46828.52,6.672
46556.47,47548.93,45577.04,46954.37,10.674
46977.6,49339.31,46645.05,49051.62,17.289
48941.16,49599.8,48450.0,48656.11,8.031
48622.2,51397.82,48042.3,50708.89,12.371
50835.55,51878.6,50470.97,50730.77,13.062
50759.2,51171.68,50191.84,50646.01,6.948
50430.48,51295.33,49583.63,50776.62,8.187
50835.2,52100.0,50480.0,50832.08,13.494
50576.9,50688.15,47300.23,47707.68,24.398
47539.61,48149.58,46094.02,46372.75,21.799
46415.01,47926.15,45990.0,47096.13,29.241
47180.51,48574.7,45650.0,46361.81,21.808
46339.77,47967.12,46205.0,47583.31,12.074
47652.24,47989.4,46633.36,47365.19,8.108
47262.81,47583.33,45700.0,46464.05,13.046
46431.9,47532.89,45515.0,45883.46,18.397
45775.36,47076.55,42500.0,43668.12,23.897
43382.58,43794.5,42432.99,43126.76,25.729
43077.85,43085.11,40571.53,41439.2,29.293
41576.63,42318.97,40505.3,41786.05,17.016
41567.0,42831.12,41209.53,41868.39,13.079
41914.14,42250.0,39657.79,41818.62,25.499
41797.92,43130.0,41274.8,42758.16,22.582
42878.86,44342.83,42459.21,43940.49,19.146
43986.7,44453.22,42325.0,42659.78,17.686
42419.57,43473.98,41752.0,43067.81,16.226
43018.19,43819.39,42577.35,43193.94,7.615
43043.49,43497.24,42600.0,43135.7,7.924
43190.51,43200.0,41567.64,42252.35,13.113
42172.61,42692.71,41291.24,42396.68,12.879
42325.4,42586.03,41126.0,41704.68,17.86
41685.01,43511.99,40561.47,40710.01,19.91
40600.55,41127.79,35422.0,36456.24,52.152
36410.54,36746.62,34129.92,35047.89,24.53
35011.13,36555.55,34625.0,36276.86,18.751
36126.44,37501.92,33060.0,36701.97,37.217
36442.91,37579.81,35716.15,37002.08,37.248
36883.09,38953.56,36254.97,36862.65,29.821
36771.97,37240.99,35526.36,37070.17,29.129
37122.74,38023.74,36162.48,37787.9,25.826
37770.48,38748.43,37300.0,38103.0,15.608
